DI 시술 횟수,freq,임신 성공 확률
0회,1131,0.09902740937223696
1회,1223,0.1267375306623058
2회,1135,0.13920704845814977
3회,902,0.1286031042128603
4회,716,0.1424581005586592
5회,575,0.10956521739130434
6회 이상,609,0.1724137931034483
