DI 임신 횟수,freq,임신 성공 확률
0회,4122,0.09922367782629792
1회,1860,0.17634408602150536
2회,267,0.24719101123595505
3회,37,0.1891891891891892
4회,4,0.0
5회,1,1.0
