DI 출산 횟수,freq,임신 성공 확률
0회,4583,0.10168012219070478
1회,1556,0.20244215938303342
2회,135,0.2
3회,17,0.17647058823529413
