시술 당시 나이,freq,임신 성공 확률
만18-34세,2071,0.19459198454852727
만35-37세,1450,0.1510344827586207
만38-39세,1053,0.10256410256410256
만40-42세,1036,0.0694980694980695
만43-44세,419,0.01909307875894988
만45-50세,262,0.003816793893129771
