정자 기증자 나이,freq,임신 성공 확률
만20세 이하,307,0.14006514657980457
만21-25세,1264,0.13212025316455697
만26-30세,1177,0.1265930331350892
만31-35세,1123,0.13268032056990206
만36-40세,1171,0.1161400512382579
만41-45세,907,0.13561190738699008
알 수 없음,342,0.1286549707602339
