정자 기증자 나이,freq,임신 성공 확률
만20세 이하,4,0.5
만21-25세,54,0.3333333333333333
만26-30세,50,0.32
만31-35세,44,0.4318181818181818
만36-40세,51,0.35294117647058826
만41-45세,33,0.45454545454545453
알 수 없음,192276,0.3035740289999792
