IVF 임신 횟수,freq,임신 성공 확률
0회,168533,0.3056968071534952
1회,35840,0.30030691964285716
2회,5033,0.2886946155374528
3회,579,0.28324697754749567
4회,76,0.25
5회,5,0.2
6회 이상,1,1.0
