정자 기증자 나이,freq,임신 성공 확률
만20세 이하,611,0.2733224222585925
만21-25세,3591,0.3135616819827346
만26-30세,3199,0.3172866520787746
만31-35세,3166,0.312065698041693
만36-40세,3454,0.3123914302258251
만41-45세,2455,0.30468431771894094
알 수 없음,1022,0.3199608610567515
