IVF 시술 횟수,freq,임신 성공 확률
0회,82189,0.34538685225516796
1회,49120,0.2890472312703583
2회,33137,0.28321815493255276
3회,19451,0.2744331910955735
4회,11435,0.26462614779186705
5회,6519,0.25019174720049087
6회 이상,8216,0.23807205452775074
