시술 당시 나이,freq,임신 성공 확률
만18-34세,83769,0.37424345521613006
만35-37세,48520,0.32361912613355315
만38-39세,32822,0.256108707574188
만40-42세,30295,0.19382736425152666
만43-44세,9383,0.15282958542044123
만45-50세,5278,0.21921182266009853
