IVF 출산 횟수,freq,임신 성공 확률
0회,179360,0.3045272078501338
1회,28782,0.3035230352303523
2회,1786,0.29171332586786114
3회,125,0.328
4회,13,0.23076923076923078
5회,1,0.0
